sample,p_cmd,p_out,v_cmd,v_out,t_out,kp,kd,position_error,velocity_error
0,0.0000,0.1238,0.0000,-0.0122,-0.0159,20.00,3.00,-0.1238,0.0122
1,0.0212,0.0025,0.2500,0.9402,0.7460,40.00,3.00,0.0187,-0.6902
2,0.0468,0.0223,0.2500,1.3065,1.0635,40.00,3.00,0.0245,-1.0565
3,0.0725,0.0456,0.2500,1.9902,0.8413,40.00,3.00,0.0269,-1.7402
4,0.0980,0.0689,0.2500,2.1123,0.8413,40.00,3.00,0.0291,-1.8623
5,0.1237,0.0929,0.2500,2.4786,0.6825,40.00,3.00,0.0308,-2.2286
6,0.1492,0.1204,0.2500,2.3077,0.6508,40.00,3.00,0.0288,-2.0577
7,0.1750,0.1474,0.2500,2.3077,0.8413,40.00,3.00,0.0276,-2.0577
8,0.2005,0.1722,0.2500,2.1612,0.7778,40.00,3.00,0.0283,-1.9112
9,0.2262,0.1959,0.2500,1.6972,1.5397,40.00,3.00,0.0303,-1.4472
10,0.2517,0.2203,0.2500,2.1856,1.3175,40.00,3.00,0.0314,-1.9356
11,0.2775,0.2451,0.2500,1.8437,1.1905,40.00,3.00,0.0324,-1.5937
12,0.3030,0.2699,0.2500,2.0635,1.2222,40.00,3.00,0.0331,-1.8135
13,0.3288,0.2993,0.2500,3.0647,0.4603,40.00,3.00,0.0295,-2.8147
14,0.3543,0.3298,0.2500,2.7473,0.2381,40.00,3.00,0.0245,-2.4973
15,0.3800,0.3569,0.2500,1.7949,0.5873,40.00,3.00,0.0231,-1.5449
16,0.4055,0.3820,0.2500,2.1612,0.5873,40.00,3.00,0.0235,-1.9112
17,0.4313,0.4076,0.2500,1.9902,0.0794,40.00,3.00,0.0237,-1.7402
18,0.4570,0.4339,0.2500,2.2833,0.3333,40.00,3.00,0.0231,-2.0333
19,0.4825,0.4595,0.2500,2.4542,0.1111,40.00,3.00,0.0230,-2.2042
20,0.5083,0.4854,0.2500,1.9170,0.5238,40.00,3.00,0.0229,-1.6670
21,0.5338,0.5106,0.2500,2.0635,0.2381,40.00,3.00,0.0232,-1.8135
22,0.5595,0.5362,0.2500,1.6484,0.5556,40.00,3.00,0.0233,-1.3984
23,0.5850,0.5617,0.2500,2.1612,0.5873,40.00,3.00,0.0233,-1.9112
24,0.6108,0.5873,0.2500,1.8926,0.5556,40.00,3.00,0.0235,-1.6426
25,0.6362,0.6125,0.2500,2.1123,0.2381,40.00,3.00,0.0237,-1.8623
26,0.6620,0.6384,0.2500,2.0391,0.3968,40.00,3.00,0.0236,-1.7891
27,0.6875,0.6643,0.2500,2.4786,0.2381,40.00,3.00,0.0232,-2.2286
28,0.7132,0.6903,0.2500,2.4542,0.3016,40.00,3.00,0.0229,-2.2042
29,0.7387,0.7155,0.2500,1.7705,0.4921,40.00,3.00,0.0232,-1.5205
30,0.7645,0.7410,0.2500,1.9414,0.4603,40.00,3.00,0.0235,-1.6914
31,0.7902,0.7670,0.2500,2.1856,0.4286,40.00,3.00,0.0232,-1.9356
32,0.8157,0.7929,0.2500,2.2833,0.2381,40.00,3.00,0.0228,-2.0333
33,0.8415,0.8185,0.2500,1.9414,0.3968,40.00,3.00,0.0230,-1.6914
34,0.8670,0.8440,0.2500,2.4298,0.1429,40.00,3.00,0.0230,-2.1798
35,0.8927,0.8696,0.2500,2.2344,0.4286,40.00,3.00,0.0231,-1.9844
36,0.9182,0.8955,0.2500,2.0391,0.3016,40.00,3.00,0.0227,-1.7891
37,0.9440,0.9211,0.2500,1.6484,0.5556,40.00,3.00,0.0229,-1.3984
38,0.9695,0.9463,0.2500,1.9658,0.4286,40.00,3.00,0.0232,-1.7158
39,0.9952,0.9718,0.2500,1.8437,0.4286,40.00,3.00,0.0234,-1.5937
40,1.0210,0.9981,0.2500,2.1123,0.2698,40.00,3.00,0.0229,-1.8623
41,1.0465,1.0229,0.2500,2.2100,0.4603,40.00,3.00,0.0236,-1.9600
42,1.0722,1.0492,0.2500,2.1123,0.2698,40.00,3.00,0.0230,-1.8623
43,1.0977,1.0740,0.2500,1.9658,0.3016,40.00,3.00,0.0237,-1.7158
44,1.1235,1.1004,0.2500,1.9170,0.6825,40.00,3.00,0.0231,-1.6670
45,1.1490,1.1255,0.2500,1.9902,0.3968,40.00,3.00,0.0235,-1.7402
46,1.1747,1.1515,0.2500,2.0391,0.6190,40.00,3.00,0.0232,-1.7891
47,1.2005,1.1774,0.2500,2.1368,0.1746,40.00,3.00,0.0231,-1.8868
48,1.2262,1.2026,0.2500,2.0879,0.6190,40.00,3.00,0.0236,-1.8379
49,1.2520,1.2293,0.2500,2.1368,0.3333,40.00,3.00,0.0227,-1.8868
50,1.2775,1.2545,0.2500,2.2833,0.3016,40.00,3.00,0.0230,-2.0333
51,1.3032,1.2804,0.2500,1.7949,0.7143,40.00,3.00,0.0228,-1.5449
52,1.3287,1.3056,0.2500,2.0147,0.4921,40.00,3.00,0.0231,-1.7647
53,1.3544,1.3312,0.2500,1.5751,0.5873,40.00,3.00,0.0232,-1.3251
54,1.3799,1.3567,0.2500,1.7705,0.4603,40.00,3.00,0.0232,-1.5205
55,1.4057,1.3827,0.2500,2.3321,0.6825,40.00,3.00,0.0230,-2.0821
56,1.4314,1.4086,0.2500,2.3077,0.1746,40.00,3.00,0.0228,-2.0577
57,1.4569,1.4338,0.2500,1.9414,0.5238,40.00,3.00,0.0231,-1.6914
58,1.4827,1.4597,0.2500,1.7460,0.1111,40.00,3.00,0.0230,-1.4960
59,1.5082,1.4849,0.2500,1.8193,0.6825,40.00,3.00,0.0233,-1.5693
60,1.5339,1.5108,0.2500,2.0635,0.3016,40.00,3.00,0.0231,-1.8135
61,1.5594,1.5352,0.2500,1.9170,0.7143,40.00,3.00,0.0242,-1.6670
62,1.5550,1.5520,-0.2500,0.1099,0.0159,40.00,3.00,0.0030,-0.3599
63,1.5293,1.5486,-0.2500,-1.4530,-0.8413,40.00,3.00,-0.0193,1.2030
64,1.5038,1.5257,-0.2500,-2.3810,-0.3016,40.00,3.00,-0.0219,2.1310
65,1.4780,1.5005,-0.2500,-1.9658,-0.6190,40.00,3.00,-0.0225,1.7158
66,1.4525,1.4746,-0.2500,-2.1368,-0.7460,40.00,3.00,-0.0221,1.8868
67,1.4268,1.4487,-0.2500,-1.8437,-0.4603,40.00,3.00,-0.0219,1.5937
68,1.4013,1.4227,-0.2500,-2.6740,-0.3016,40.00,3.00,-0.0214,2.4240
69,1.3755,1.3975,-0.2500,-1.6239,-0.4286,40.00,3.00,-0.0220,1.3739
70,1.3498,1.3712,-0.2500,-2.2833,-0.2698,40.00,3.00,-0.0214,2.0333
71,1.3243,1.3460,-0.2500,-2.3565,-0.3968,40.00,3.00,-0.0217,2.1065
72,1.2985,1.3205,-0.2500,-2.3077,-0.4603,40.00,3.00,-0.0220,2.0577
73,1.2730,1.2953,-0.2500,-2.0635,-0.3333,40.00,3.00,-0.0223,1.8135
74,1.2473,1.2694,-0.2500,-1.8437,-0.7143,40.00,3.00,-0.0221,1.5937
75,1.2218,1.2442,-0.2500,-2.1123,-0.4921,40.00,3.00,-0.0224,1.8623
76,1.1960,1.2182,-0.2500,-2.2100,-0.3016,40.00,3.00,-0.0222,1.9600
77,1.1703,1.1919,-0.2500,-2.6740,-0.1429,40.00,3.00,-0.0216,2.4240
78,1.1448,1.1664,-0.2500,-2.2833,-0.3333,40.00,3.00,-0.0216,2.0333
79,1.1190,1.1400,-0.2500,-2.6740,-0.4603,40.00,3.00,-0.0210,2.4240
80,1.0935,1.1149,-0.2500,-1.5263,-0.9365,40.00,3.00,-0.0214,1.2763
81,1.0678,1.0897,-0.2500,-1.5995,-0.4603,40.00,3.00,-0.0219,1.3495
82,1.0420,1.0637,-0.2500,-2.0147,-0.5556,40.00,3.00,-0.0217,1.7647
83,1.0165,1.0386,-0.2500,-1.8193,-0.3016,40.00,3.00,-0.0221,1.5693
84,0.9908,1.0130,-0.2500,-2.3321,-0.3968,40.00,3.00,-0.0222,2.0821
85,0.9653,0.9871,-0.2500,-2.3565,-0.3968,40.00,3.00,-0.0218,2.1065
86,0.9395,0.9611,-0.2500,-1.8681,-0.3651,40.00,3.00,-0.0216,1.6181
87,0.9140,0.9360,-0.2500,-2.3077,-0.4921,40.00,3.00,-0.0220,2.0577
88,0.8883,0.9104,-0.2500,-2.4542,-0.2381,40.00,3.00,-0.0221,2.2042
89,0.8626,0.8845,-0.2500,-2.0147,-0.7778,40.00,3.00,-0.0219,1.7647
90,0.8371,0.8585,-0.2500,-1.8926,-0.4286,40.00,3.00,-0.0214,1.6426
91,0.8113,0.8337,-0.2500,-1.7949,-0.8095,40.00,3.00,-0.0224,1.5449
92,0.7858,0.8078,-0.2500,-2.5519,-0.3333,40.00,3.00,-0.0220,2.3019
93,0.7601,0.7818,-0.2500,-2.4542,-0.3968,40.00,3.00,-0.0217,2.2042
94,0.7343,0.7559,-0.2500,-2.3321,-0.3651,40.00,3.00,-0.0216,2.0821
95,0.7088,0.7303,-0.2500,-2.2100,-0.4286,40.00,3.00,-0.0215,1.9600
96,0.6831,0.7048,-0.2500,-1.8926,-0.5556,40.00,3.00,-0.0217,1.6426
97,0.6576,0.6800,-0.2500,-1.8926,-0.4921,40.00,3.00,-0.0224,1.6426
98,0.6318,0.6540,-0.2500,-1.8681,-0.7143,40.00,3.00,-0.0222,1.6181
99,0.6061,0.6285,-0.2500,-2.2833,-0.3651,40.00,3.00,-0.0224,2.0333
100,0.5806,0.6029,-0.2500,-1.8681,-0.4603,40.00,3.00,-0.0223,1.6181
101,0.5548,0.5770,-0.2500,-2.2344,-0.2698,40.00,3.00,-0.0222,1.9844
102,0.5293,0.5514,-0.2500,-1.8681,-0.9683,40.00,3.00,-0.0221,1.6181
103,0.5036,0.5259,-0.2500,-2.1612,-0.3016,40.00,3.00,-0.0223,1.9112
104,0.4781,0.4999,-0.2500,-1.9658,-0.5238,40.00,3.00,-0.0218,1.7158
105,0.4523,0.4744,-0.2500,-2.3321,-0.3333,40.00,3.00,-0.0221,2.0821
106,0.4266,0.4488,-0.2500,-1.7949,-0.3968,40.00,3.00,-0.0222,1.5449
107,0.4011,0.4225,-0.2500,-2.4054,-0.2381,40.00,3.00,-0.0214,2.1554
108,0.3753,0.3973,-0.2500,-2.5031,-0.1746,40.00,3.00,-0.0220,2.2531
109,0.3498,0.3714,-0.2500,-2.2344,-0.4921,40.00,3.00,-0.0216,1.9844
110,0.3241,0.3462,-0.2500,-2.4054,-0.3968,40.00,3.00,-0.0221,2.1554
111,0.2983,0.3206,-0.2500,-1.7216,-0.7143,40.00,3.00,-0.0223,1.4716
112,0.2728,0.2951,-0.2500,-2.1368,-0.4603,40.00,3.00,-0.0223,1.8868
113,0.2471,0.2691,-0.2500,-1.8437,-0.5556,40.00,3.00,-0.0220,1.5937
114,0.2216,0.2436,-0.2500,-2.6252,-0.2063,40.00,3.00,-0.0220,2.3752
115,0.1958,0.2173,-0.2500,-2.6984,-0.3968,40.00,3.00,-0.0215,2.4484
116,0.1701,0.1913,-0.2500,-2.1856,-0.5238,40.00,3.00,-0.0212,1.9356
117,0.1446,0.1661,-0.2500,-1.8681,-0.3968,40.00,3.00,-0.0215,1.6181
118,0.1188,0.1402,-0.2500,-2.0391,-0.3651,40.00,3.00,-0.0214,1.7891
119,0.0933,0.1146,-0.2500,-2.7473,-0.3968,40.00,3.00,-0.0213,2.4973
120,0.0676,0.0895,-0.2500,-1.9414,-0.5556,40.00,3.00,-0.0219,1.6914
121,0.0418,0.0635,-0.2500,-2.5031,-0.3651,40.00,3.00,-0.0217,2.2531
122,0.0163,0.0376,-0.2500,-2.3565,-0.3651,40.00,3.00,-0.0213,2.1065
123,0.0092,0.0170,0.2500,-0.0122,-0.1429,40.00,3.00,-0.0078,0.2622
124,0.0348,0.0200,0.2500,0.2564,1.0635,40.00,3.00,0.0148,-0.0064
125,0.0605,0.0387,0.2500,1.8681,0.3333,40.00,3.00,0.0218,-1.6181
126,0.0862,0.0639,0.2500,1.7216,0.3016,40.00,3.00,0.0223,-1.4716
127,0.1117,0.0891,0.2500,2.6007,0.4286,40.00,3.00,0.0226,-2.3507
128,0.1375,0.1150,0.2500,2.0391,0.3651,40.00,3.00,0.0225,-1.7891
129,0.1632,0.1406,0.2500,2.4542,0.3968,40.00,3.00,0.0226,-2.2042
130,0.1887,0.1658,0.2500,1.7460,0.7460,40.00,3.00,0.0229,-1.4960
131,0.2145,0.1917,0.2500,2.8205,0.2063,40.00,3.00,0.0228,-2.5705
132,0.2400,0.2173,0.2500,2.0879,0.3333,40.00,3.00,0.0227,-1.8379
133,0.2657,0.2428,0.2500,2.6252,0.2698,40.00,3.00,0.0229,-2.3752
134,0.2915,0.2684,0.2500,1.7705,0.5556,40.00,3.00,0.0231,-1.5205
135,0.3170,0.2935,0.2500,1.9658,0.2381,40.00,3.00,0.0235,-1.7158
136,0.3428,0.3191,0.2500,1.9414,0.6825,40.00,3.00,0.0237,-1.6914
137,0.3683,0.3447,0.2500,2.4542,0.4921,40.00,3.00,0.0236,-2.2042
138,0.3940,0.3702,0.2500,1.6484,0.3333,40.00,3.00,0.0238,-1.3984
139,0.4198,0.3969,0.2500,2.7717,0.2063,40.00,3.00,0.0229,-2.5217
140,0.4453,0.4221,0.2500,2.5763,0.1429,40.00,3.00,0.0232,-2.3263
141,0.4710,0.4480,0.2500,2.1368,0.3968,40.00,3.00,0.0230,-1.8868
142,0.4965,0.4732,0.2500,2.2344,0.3968,40.00,3.00,0.0233,-1.9844
143,0.5223,0.4992,0.2500,1.5995,0.6508,40.00,3.00,0.0231,-1.3495
144,0.5480,0.5247,0.2500,2.0147,0.4286,40.00,3.00,0.0233,-1.7647
145,0.5735,0.5503,0.2500,2.0147,0.3651,40.00,3.00,0.0232,-1.7647
146,0.5993,0.5762,0.2500,2.2100,0.3016,40.00,3.00,0.0231,-1.9600
147,0.6250,0.6014,0.2500,2.3321,0.5873,40.00,3.00,0.0236,-2.0821
148,0.6505,0.6273,0.2500,2.3077,0.3333,40.00,3.00,0.0232,-2.0577
149,0.6762,0.6529,0.2500,2.1368,0.6508,40.00,3.00,0.0233,-1.8868
150,0.7017,0.6777,0.2500,2.2589,0.4286,40.00,3.00,0.0240,-2.0089
151,0.7275,0.7036,0.2500,1.5995,0.4921,40.00,3.00,0.0239,-1.3495
152,0.7532,0.7296,0.2500,1.9902,0.3651,40.00,3.00,0.0236,-1.7402
153,0.7787,0.7547,0.2500,2.6007,0.3968,40.00,3.00,0.0240,-2.3507
154,0.8045,0.7811,0.2500,1.9902,0.4286,40.00,3.00,0.0234,-1.7402
155,0.8300,0.8066,0.2500,2.6252,0.1111,40.00,3.00,0.0234,-2.3752
156,0.8557,0.8326,0.2500,1.9170,0.4286,40.00,3.00,0.0231,-1.6670
157,0.8815,0.8581,0.2500,2.1612,0.3333,40.00,3.00,0.0234,-1.9112
158,0.9070,0.8841,0.2500,1.7949,0.5556,40.00,3.00,0.0229,-1.5449
159,0.9327,0.9100,0.2500,2.0879,0.1429,40.00,3.00,0.0227,-1.8379
160,0.9585,0.9356,0.2500,1.9170,0.3333,40.00,3.00,0.0229,-1.6670
161,0.9840,0.9607,0.2500,2.1612,0.3333,40.00,3.00,0.0233,-1.9112
162,1.0097,0.9863,0.2500,2.3810,0.2381,40.00,3.00,0.0234,-2.1310
163,1.0352,1.0119,0.2500,1.9170,0.3968,40.00,3.00,0.0233,-1.6670
164,1.0610,1.0374,0.2500,2.3077,0.4603,40.00,3.00,0.0236,-2.0577
165,1.0867,1.0634,0.2500,1.5995,0.7143,40.00,3.00,0.0233,-1.3495
166,1.1122,1.0889,0.2500,2.4054,0.5873,40.00,3.00,0.0233,-2.1554
167,1.1380,1.1145,0.2500,2.3321,0.2698,40.00,3.00,0.0235,-2.0821
168,1.1635,1.1400,0.2500,2.2833,0.0476,40.00,3.00,0.0235,-2.0333
169,1.1892,1.1660,0.2500,2.4298,0.3968,40.00,3.00,0.0232,-2.1798
170,1.2150,1.1919,0.2500,2.5275,0.0476,40.00,3.00,0.0231,-2.2775
171,1.2405,1.2175,0.2500,1.8926,0.3333,40.00,3.00,0.0230,-1.6426
172,1.2662,1.2430,0.2500,2.1123,0.4921,40.00,3.00,0.0232,-1.8623
173,1.2920,1.2690,0.2500,2.0391,0.3333,40.00,3.00,0.0230,-1.7891
174,1.3175,1.2942,0.2500,1.5995,0.5556,40.00,3.00,0.0233,-1.3495
175,1.3432,1.3201,0.2500,2.0879,0.2381,40.00,3.00,0.0231,-1.8379
176,1.3689,1.3457,0.2500,2.2100,0.5238,40.00,3.00,0.0232,-1.9600
177,1.3944,1.3712,0.2500,2.2100,0.2698,40.00,3.00,0.0232,-1.9600
178,1.4202,1.3972,0.2500,1.3309,0.5238,40.00,3.00,0.0230,-1.0809
179,1.4457,1.4231,0.2500,1.9902,0.4286,40.00,3.00,0.0226,-1.7402
180,1.4714,1.4487,0.2500,1.8437,0.8413,40.00,3.00,0.0227,-1.5937
181,1.4972,1.4742,0.2500,2.0879,0.5238,40.00,3.00,0.0230,-1.8379
182,1.5227,1.4990,0.2500,2.0879,0.6508,40.00,3.00,0.0237,-1.8379
183,1.5484,1.5249,0.2500,2.5763,-0.0476,40.00,3.00,0.0235,-2.3263
184,1.5660,1.5490,-0.2500,1.2088,0.5238,40.00,3.00,0.0170,-1.4588
185,1.5405,1.5517,-0.2500,-0.4518,-0.8730,40.00,3.00,-0.0112,0.2018
186,1.5148,1.5368,-0.2500,-1.7705,-0.3333,40.00,3.00,-0.0220,1.5205
187,1.4893,1.5116,-0.2500,-1.9902,-0.5556,40.00,3.00,-0.0223,1.7402
188,1.4635,1.4857,-0.2500,-1.5995,-0.5238,40.00,3.00,-0.0222,1.3495
189,1.4378,1.4597,-0.2500,-2.0391,-0.3333,40.00,3.00,-0.0219,1.7891
190,1.4123,1.4345,-0.2500,-2.1856,-0.5873,40.00,3.00,-0.0222,1.9356
191,1.3865,1.4086,-0.2500,-2.4786,-0.3333,40.00,3.00,-0.0221,2.2286
192,1.3608,1.3830,-0.2500,-2.1856,-0.3651,40.00,3.00,-0.0222,1.9356
193,1.3353,1.3575,-0.2500,-2.6496,-0.2698,40.00,3.00,-0.0222,2.3996
194,1.3095,1.3319,-0.2500,-2.5275,-0.5238,40.00,3.00,-0.0224,2.2775
195,1.2840,1.3060,-0.2500,-2.2344,-0.4603,40.00,3.00,-0.0220,1.9844
196,1.2583,1.2804,-0.2500,-2.3810,-0.4603,40.00,3.00,-0.0221,2.1310
197,1.2325,1.2549,-0.2500,-2.1856,-0.4286,40.00,3.00,-0.0224,1.9356
198,1.2070,1.2297,-0.2500,-2.0879,-0.3651,40.00,3.00,-0.0227,1.8379
199,1.1813,1.2034,-0.2500,-2.2589,-0.4603,40.00,3.00,-0.0221,2.0089
200,1.1555,1.1770,-0.2500,-2.3077,-0.5238,40.00,3.00,-0.0215,2.0577
201,1.1300,1.1519,-0.2500,-1.5507,-1.1587,40.00,3.00,-0.0219,1.3007
202,1.1043,1.1263,-0.2500,-2.2589,-0.5873,40.00,3.00,-0.0220,2.0089
203,1.0785,1.1011,-0.2500,-1.7949,-0.9365,40.00,3.00,-0.0226,1.5449
204,1.0530,1.0752,-0.2500,-2.0635,-0.4286,40.00,3.00,-0.0222,1.8135
205,1.0273,1.0496,-0.2500,-2.1856,-0.5238,40.00,3.00,-0.0223,1.9356
206,1.0018,1.0241,-0.2500,-2.5031,-0.4286,40.00,3.00,-0.0223,2.2531
207,0.9760,0.9981,-0.2500,-2.3810,-0.2381,40.00,3.00,-0.0221,2.1310
208,0.9503,0.9726,-0.2500,-2.4054,-0.2381,40.00,3.00,-0.0223,2.1554
209,0.9248,0.9470,-0.2500,-2.6007,-0.4603,40.00,3.00,-0.0222,2.3507
210,0.8990,0.9211,-0.2500,-2.1123,-0.3333,40.00,3.00,-0.0221,1.8623
211,0.8733,0.8948,-0.2500,-2.3810,-0.1429,40.00,3.00,-0.0215,2.1310
212,0.8478,0.8692,-0.2500,-2.1123,-0.2698,40.00,3.00,-0.0214,1.8623
213,0.8221,0.8433,-0.2500,-2.5031,-0.3968,40.00,3.00,-0.0212,2.2531
214,0.7966,0.8181,-0.2500,-2.1123,-0.4286,40.00,3.00,-0.0215,1.8623
215,0.7708,0.7925,-0.2500,-1.6728,-0.4921,40.00,3.00,-0.0217,1.4228
216,0.7451,0.7666,-0.2500,-1.6972,-0.7778,40.00,3.00,-0.0215,1.4472
217,0.7196,0.7418,-0.2500,-1.3065,-0.6825,40.00,3.00,-0.0222,1.0565
218,0.6938,0.7162,-0.2500,-2.3810,-0.5556,40.00,3.00,-0.0224,2.1310
219,0.6681,0.6899,-0.2500,-2.1123,-0.3968,40.00,3.00,-0.0218,1.8623
220,0.6426,0.6651,-0.2500,-2.1123,-0.3968,40.00,3.00,-0.0225,1.8623
221,0.6168,0.6388,-0.2500,-2.1612,-0.2381,40.00,3.00,-0.0220,1.9112
222,0.5911,0.6132,-0.2500,-2.1856,-0.1429,40.00,3.00,-0.0221,1.9356
223,0.5656,0.5877,-0.2500,-1.9658,-0.6190,40.00,3.00,-0.0221,1.7158
224,0.5398,0.5617,-0.2500,-2.6007,-0.3651,40.00,3.00,-0.0219,2.3507
225,0.5141,0.5362,-0.2500,-1.8437,-0.6190,40.00,3.00,-0.0221,1.5937