sample,CAN_ID,RX_ID,LEN,Motor_ID_byte,p_out_rad,v_out_rad_s,t_out_Nm,p_cmd_rad,v_cmd_rad_s,kp,kd,raw_bytes
1,2,2,8,2,1.2888,-2.1612,-0.7143,1.2775,-0.2500,80.00,3.00,02 8D 32 7A 77 E9
2,2,2,8,2,1.2633,-2.2589,-0.1429,1.2520,-0.2500,80.00,3.00,02 8C EF 7A 37 FB
3,2,2,8,2,1.2373,-1.7949,-0.3333,1.2263,-0.2500,80.00,3.00,02 8C AB 7B 67 F5
4,2,2,8,2,1.2114,-2.5031,-0.1429,1.2008,-0.2500,80.00,3.00,02 8C 67 79 97 FB
5,2,2,8,2,1.1854,-2.4054,-0.3651,1.1750,-0.2500,80.00,3.00,02 8C 23 79 D7 F4
6,2,2,8,2,1.1599,-1.8681,-0.4603,1.1495,-0.2500,80.00,3.00,02 8B E0 7B 37 F1
7,2,2,8,2,1.1347,-1.8437,-0.6190,1.1238,-0.2500,80.00,3.00,02 8B 9E 7B 47 EC
8,2,2,8,2,1.1091,-1.7460,-0.4921,1.0983,-0.2500,80.00,3.00,02 8B 5B 7B 87 F0
9,2,2,8,2,1.0836,-2.5763,-0.3016,1.0725,-0.2500,80.00,3.00,02 8B 18 79 67 F6
10,2,2,8,2,1.0576,-2.3321,-0.3968,1.0470,-0.2500,80.00,3.00,02 8A D4 7A 07 F3
11,2,2,8,2,1.0317,-2.4786,-0.1746,1.0213,-0.2500,80.00,3.00,02 8A 90 79 A7 FA
12,2,2,8,2,1.0065,-2.5763,-0.3651,0.9958,-0.2500,80.00,3.00,02 8A 4E 79 67 F4
13,2,2,8,2,0.9806,-2.0147,-0.4286,0.9700,-0.2500,80.00,3.00,02 8A 0A 7A D7 F2
14,2,2,8,2,0.9554,-1.4530,-0.8730,0.9445,-0.2500,80.00,3.00,02 89 C8 7C 47 E4
15,2,2,8,2,0.9298,-1.7460,-0.5238,0.9188,-0.2500,80.00,3.00,02 89 85 7B 87 EF
16,2,2,8,2,0.9043,-1.9902,-0.6190,0.8930,-0.2500,80.00,3.00,02 89 42 7A E7 EC
17,2,2,8,2,0.8783,-2.5031,-0.3968,0.8676,-0.2500,80.00,3.00,02 88 FE 79 97 F3
18,2,2,8,2,0.8528,-2.2100,-0.4286,0.8418,-0.2500,80.00,3.00,02 88 BB 7A 57 F2
19,2,2,8,2,0.8265,-2.0879,-0.3016,0.8163,-0.2500,80.00,3.00,02 88 76 7A A7 F6
20,2,2,8,2,0.8013,-2.0635,-0.3333,0.7906,-0.2500,80.00,3.00,02 88 34 7A B7 F5
21,2,2,8,2,0.7757,-1.5263,-0.7143,0.7651,-0.2500,80.00,3.00,02 87 F1 7C 17 E9
22,2,2,8,2,0.7502,-2.2344,-0.3968,0.7393,-0.2500,80.00,3.00,02 87 AE 7A 47 F3
23,2,2,8,2,0.7246,-2.6007,-0.7143,0.7138,-0.2500,80.00,3.00,02 87 6B 79 57 E9
24,2,2,8,2,0.6987,-2.3565,-0.2698,0.6881,-0.2500,80.00,3.00,02 87 27 79 F7 F7
25,2,2,8,2,0.6735,-2.2344,-0.4603,0.6626,-0.2500,80.00,3.00,02 86 E5 7A 47 F1
26,2,2,8,2,0.6479,-2.4298,-0.2063,0.6368,-0.2500,80.00,3.00,02 86 A2 79 C7 F9
27,2,2,8,2,0.6220,-2.1612,-0.3333,0.6113,-0.2500,80.00,3.00,02 86 5E 7A 77 F5
28,2,2,8,2,0.5964,-2.1856,-0.2381,0.5856,-0.2500,80.00,3.00,02 86 1B 7A 67 F8
29,2,2,8,2,0.5709,-1.9658,-0.7143,0.5601,-0.2500,80.00,3.00,02 85 D8 7A F7 E9
30,2,2,8,2,0.5453,-1.5018,-0.4286,0.5343,-0.2500,80.00,3.00,02 85 95 7C 27 F2
31,2,2,8,2,0.5198,-2.3810,-0.3333,0.5088,-0.2500,80.00,3.00,02 85 52 79 E7 F5
32,2,2,8,2,0.4938,-2.2833,-0.4286,0.4831,-0.2500,80.00,3.00,02 85 0E 7A 27 F2
33,2,2,8,2,0.4686,-2.2100,-0.3651,0.4576,-0.2500,80.00,3.00,02 84 CC 7A 57 F4
34,2,2,8,2,0.4423,-2.2100,-0.2063,0.4318,-0.2500,80.00,3.00,02 84 87 7A 57 F9
35,2,2,8,2,0.4168,-2.2833,-0.2698,0.4061,-0.2500,80.00,3.00,02 84 44 7A 27 F7
36,2,2,8,2,0.3912,-1.9170,-0.6825,0.3806,-0.2500,80.00,3.00,02 84 01 7B 17 EA
37,2,2,8,2,0.3653,-2.3810,-0.3016,0.3548,-0.2500,80.00,3.00,02 83 BD 79 E7 F6
38,2,2,8,2,0.3405,-1.8926,-0.5873,0.3293,-0.2500,80.00,3.00,02 83 7C 7B 27 ED
39,2,2,8,2,0.3141,-2.3565,-0.3333,0.3036,-0.2500,80.00,3.00,02 83 37 79 F7 F5
40,2,2,8,2,0.2893,-1.7460,-0.5873,0.2781,-0.2500,80.00,3.00,02 82 F6 7B 87 ED
41,2,2,8,2,0.2630,-2.4542,-0.2063,0.2523,-0.2500,80.00,3.00,02 82 B1 79 B7 F9
42,2,2,8,2,0.2379,-2.5763,-0.4286,0.2268,-0.2500,80.00,3.00,02 82 6F 79 67 F2
43,2,2,8,2,0.2115,-2.1856,-0.4921,0.2011,-0.2500,80.00,3.00,02 82 2A 7A 67 F0
44,2,2,8,2,0.1864,-2.2344,-0.4286,0.1756,-0.2500,80.00,3.00,02 81 E8 7A 47 F2
45,2,2,8,2,0.1608,-2.0635,-0.6190,0.1498,-0.2500,80.00,3.00,02 81 A5 7A B7 EC
46,2,2,8,2,0.1352,-2.3321,-0.5873,0.1243,-0.2500,80.00,3.00,02 81 62 7A 07 ED
47,2,2,8,2,0.1093,-2.0635,-0.3016,0.0986,-0.2500,80.00,3.00,02 81 1E 7A B7 F6
48,2,2,8,2,0.0837,-2.3565,-0.1746,0.0731,-0.2500,80.00,3.00,02 80 DB 79 F7 FA
49,2,2,8,2,0.0578,-1.9902,-0.3333,0.0473,-0.2500,80.00,3.00,02 80 97 7A E7 F5
50,2,2,8,2,0.0307,-4.7741,-1.3492,0.0020,0.2500,80.00,3.00,02 80 50 73 C7 D5
51,2,2,8,2,0.0181,1.1355,0.4603,0.0278,0.2500,80.00,3.00,02 80 2F 82 E8 0E
52,2,2,8,2,0.0418,1.9414,0.7143,0.0535,0.2500,80.00,3.00,02 80 6D 84 F8 16
53,2,2,8,2,0.0673,2.2100,0.5238,0.0790,0.2500,80.00,3.00,02 80 B0 85 A8 10
54,2,2,8,2,0.0929,2.0391,0.5873,0.1047,0.2500,80.00,3.00,02 80 F3 85 38 12
55,2,2,8,2,0.1184,2.6496,0.3333,0.1302,0.2500,80.00,3.00,02 81 36 86 C8 0A
56,2,2,8,2,0.1444,2.3565,0.3016,0.1560,0.2500,80.00,3.00,02 81 7A 86 08 09
57,2,2,8,2,0.1699,2.2833,0.2063,0.1815,0.2500,80.00,3.00,02 81 BD 85 D8 06
58,2,2,8,2,0.1959,1.9902,0.4603,0.2072,0.2500,80.00,3.00,02 82 01 85 18 0E
59,2,2,8,2,0.2207,2.2344,0.3333,0.2327,0.2500,80.00,3.00,02 82 42 85 B8 0A
60,2,2,8,2,0.2466,1.8681,0.4603,0.2585,0.2500,80.00,3.00,02 82 86 84 C8 0E
61,2,2,8,2,0.2722,2.2100,0.3016,0.2840,0.2500,80.00,3.00,02 82 C9 85 A8 09
62,2,2,8,2,0.2977,2.4298,0.3016,0.3098,0.2500,80.00,3.00,02 83 0C 86 38 09
63,2,2,8,2,0.3233,2.3810,0.4286,0.3353,0.2500,80.00,3.00,02 83 4F 86 18 0D
64,2,2,8,2,0.3489,1.8681,0.4603,0.3610,0.2500,80.00,3.00,02 83 92 84 C8 0E
65,2,2,8,2,0.3752,1.7949,0.3333,0.3868,0.2500,80.00,3.00,02 83 D7 84 98 0A
66,2,2,8,2,0.4004,1.8681,0.3651,0.4123,0.2500,80.00,3.00,02 84 19 84 C8 0B
67,2,2,8,2,0.4259,1.6239,0.6508,0.4380,0.2500,80.00,3.00,02 84 5C 84 28 14
68,2,2,8,2,0.4515,2.0635,0.5556,0.4635,0.2500,80.00,3.00,02 84 9F 85 48 11
69,2,2,8,2,0.4774,2.0391,0.6508,0.4893,0.2500,80.00,3.00,02 84 E3 85 38 14
70,2,2,8,2,0.5030,2.4298,0.3651,0.5148,0.2500,80.00,3.00,02 85 26 86 38 0B
71,2,2,8,2,0.5285,2.5275,0.3968,0.5405,0.2500,80.00,3.00,02 85 69 86 78 0C
72,2,2,8,2,0.5541,2.8205,-0.0794,0.5660,0.2500,80.00,3.00,02 85 AC 87 37 FD
73,2,2,8,2,0.5800,2.4786,0.2698,0.5918,0.2500,80.00,3.00,02 85 F0 86 58 08
74,2,2,8,2,0.6056,2.0147,0.4286,0.6173,0.2500,80.00,3.00,02 86 33 85 28 0D
75,2,2,8,2,0.6312,1.7949,0.4286,0.6430,0.2500,80.00,3.00,02 86 76 84 98 0D
76,2,2,8,2,0.6567,1.9414,0.7143,0.6687,0.2500,80.00,3.00,02 86 B9 84 F8 16
77,2,2,8,2,0.6823,2.0879,0.5556,0.6942,0.2500,80.00,3.00,02 86 FC 85 58 11
78,2,2,8,2,0.7078,2.0879,0.4921,0.7200,0.2500,80.00,3.00,02 87 3F 85 58 0F
79,2,2,8,2,0.7334,2.0147,0.3651,0.7455,0.2500,80.00,3.00,02 87 82 85 28 0B
80,2,2,8,2,0.7593,1.9658,0.4921,0.7712,0.2500,80.00,3.00,02 87 C6 85 08 0F
81,2,2,8,2,0.7849,2.4298,0.3016,0.7967,0.2500,80.00,3.00,02 88 09 86 38 09
82,2,2,8,2,0.8104,1.4774,0.6508,0.8225,0.2500,80.00,3.00,02 88 4C 83 C8 14
83,2,2,8,2,0.8364,2.1123,0.3333,0.8480,0.2500,80.00,3.00,02 88 90 85 68 0A
84,2,2,8,2,0.8619,1.6972,0.6190,0.8737,0.2500,80.00,3.00,02 88 D3 84 58 13
85,2,2,8,2,0.8875,2.0879,0.5556,0.8995,0.2500,80.00,3.00,02 89 16 85 58 11
86,2,2,8,2,0.9131,2.1856,0.4603,0.9250,0.2500,80.00,3.00,02 89 59 85 98 0E
87,2,2,8,2,0.9394,2.4786,0.1746,0.9507,0.2500,80.00,3.00,02 89 9E 86 58 05
88,2,2,8,2,0.9646,2.3810,0.1746,0.9762,0.2500,80.00,3.00,02 89 E0 86 18 05
89,2,2,8,2,0.9905,1.6728,0.5556,1.0020,0.2500,80.00,3.00,02 8A 24 84 48 11
90,2,2,8,2,1.0161,2.0147,0.3016,1.0275,0.2500,80.00,3.00,02 8A 67 85 28 09
91,2,2,8,2,1.0416,1.7949,0.8730,1.0532,0.2500,80.00,3.00,02 8A AA 84 98 1B
92,2,2,8,2,1.0672,2.1612,0.3016,1.0787,0.2500,80.00,3.00,02 8A ED 85 88 09
93,2,2,8,2,1.0924,1.7705,0.6508,1.1045,0.2500,80.00,3.00,02 8B 2F 84 88 14
94,2,2,8,2,1.1183,2.3077,0.2381,1.1300,0.2500,80.00,3.00,02 8B 73 85 E8 07
95,2,2,8,2,1.1439,2.1856,0.4921,1.1557,0.2500,80.00,3.00,02 8B B6 85 98 0F
96,2,2,8,2,1.1698,2.3077,0.4921,1.1815,0.2500,80.00,3.00,02 8B FA 85 E8 0F
97,2,2,8,2,1.1950,2.0391,0.4286,1.2070,0.2500,80.00,3.00,02 8C 3C 85 38 0D
98,2,2,8,2,1.2209,1.8926,0.4286,1.2327,0.2500,80.00,3.00,02 8C 80 84 D8 0D
99,2,2,8,2,1.2461,2.3077,0.5556,1.2582,0.2500,80.00,3.00,02 8C C2 85 E8 11
100,2,2,8,2,1.2720,2.0147,0.4921,1.2840,0.2500,80.00,3.00,02 8D 06 85 28 0F
101,2,2,8,2,1.2976,2.5763,0.3016,1.3095,0.2500,80.00,3.00,02 8D 49 86 98 09
102,2,2,8,2,1.3235,2.2833,0.1746,1.3352,0.2500,80.00,3.00,02 8D 8D 85 D8 05
103,2,2,8,2,1.3491,2.1123,0.2698,1.3607,0.2500,80.00,3.00,02 8D D0 85 68 08
104,2,2,8,2,1.3746,1.8681,0.5556,1.3864,0.2500,80.00,3.00,02 8E 13 84 C8 11
105,2,2,8,2,1.4006,2.0147,0.4286,1.4122,0.2500,80.00,3.00,02 8E 57 85 28 0D
106,2,2,8,2,1.4261,1.5995,0.5873,1.4377,0.2500,80.00,3.00,02 8E 9A 84 18 12
107,2,2,8,2,1.4517,2.0391,0.5238,1.4634,0.2500,80.00,3.00,02 8E DD 85 38 10
108,2,2,8,2,1.4773,2.2833,0.4603,1.4889,0.2500,80.00,3.00,02 8F 20 85 D8 0E
109,2,2,8,2,1.5032,1.9902,0.1746,1.5147,0.2500,80.00,3.00,02 8F 64 85 18 05
110,2,2,8,2,1.5280,2.2833,0.3968,1.5402,0.2500,80.00,3.00,02 8F A5 85 D8 0C
111,2,2,8,2,1.5536,-0.1832,-0.3333,1.5523,-0.2500,80.00,3.00,02 8F E8 7F 87 F5
112,2,2,8,2,1.5372,-2.3810,-0.3333,1.5265,-0.2500,80.00,3.00,02 8F BD 79 E7 F5
113,2,2,8,2,1.5120,-2.1368,-0.4603,1.5010,-0.2500,80.00,3.00,02 8F 7B 7A 87 F1
114,2,2,8,2,1.4857,-2.6984,-0.2381,1.4753,-0.2500,80.00,3.00,02 8F 36 79 17 F8
115,2,2,8,2,1.4605,-2.1856,-0.2698,1.4498,-0.2500,80.00,3.00,02 8E F4 7A 67 F7
116,2,2,8,2,1.4342,-1.7949,-0.4921,1.4240,-0.2500,80.00,3.00,02 8E AF 7B 67 F0
117,2,2,8,2,1.4090,-1.8193,-0.4286,1.3985,-0.2500,80.00,3.00,02 8E 6D 7B 57 F2
118,2,2,8,2,1.3834,-1.8437,-0.7778,1.3728,-0.2500,80.00,3.00,02 8E 2A 7B 47 E7
119,2,2,8,2,1.3582,-1.7949,-0.5873,1.3473,-0.2500,80.00,3.00,02 8D E8 7B 67 ED
120,2,2,8,2,1.3327,-1.7460,-1.0000,1.3215,-0.2500,80.00,3.00,02 8D A5 7B 87 E0
121,2,2,8,2,1.3071,-1.7949,-0.5873,1.2958,-0.2500,80.00,3.00,02 8D 62 7B 67 ED
122,2,2,8,2,1.2816,-1.8681,-0.5873,1.2703,-0.2500,80.00,3.00,02 8D 1F 7B 37 ED
123,2,2,8,2,1.2552,-2.5275,-0.3333,1.2445,-0.2500,80.00,3.00,02 8C DA 79 87 F5
124,2,2,8,2,1.2297,-2.6496,-0.4603,1.2190,-0.2500,80.00,3.00,02 8C 97 79 37 F1
125,2,2,8,2,1.2041,-2.3810,-0.3333,1.1933,-0.2500,80.00,3.00,02 8C 54 79 E7 F5
126,2,2,8,2,1.1786,-1.9170,-0.5556,1.1678,-0.2500,80.00,3.00,02 8C 11 7B 17 EE
127,2,2,8,2,1.1530,-1.9414,-0.5873,1.1420,-0.2500,80.00,3.00,02 8B CE 7B 07 ED
128,2,2,8,2,1.1271,-2.3810,-0.3333,1.1163,-0.2500,80.00,3.00,02 8B 8A 79 E7 F5
129,2,2,8,2,1.1019,-2.4054,-0.3968,1.0908,-0.2500,80.00,3.00,02 8B 48 79 D7 F3
130,2,2,8,2,1.0756,-2.6740,-0.3333,1.0650,-0.2500,80.00,3.00,02 8B 03 79 27 F5
131,2,2,8,2,1.0504,-2.1612,-0.3651,1.0395,-0.2500,80.00,3.00,02 8A C1 7A 77 F4
132,2,2,8,2,1.0245,-1.8193,-0.3333,1.0138,-0.2500,80.00,3.00,02 8A 7D 7B 57 F5
133,2,2,8,2,0.9989,-1.6484,-0.8413,0.9883,-0.2500,80.00,3.00,02 8A 3A 7B C7 E5
134,2,2,8,2,0.9733,-1.6972,-0.4286,0.9625,-0.2500,80.00,3.00,02 89 F7 7B A7 F2
135,2,2,8,2,0.9482,-1.5507,-0.8095,0.9368,-0.2500,80.00,3.00,02 89 B5 7C 07 E6
136,2,2,8,2,0.9237,-1.9658,-1.0000,0.9113,-0.2500,80.00,3.00,02 89 75 7A F7 E0
137,2,2,8,2,0.9005,-1.7216,-1.3810,0.8855,-0.2500,80.00,3.00,02 89 38 7B 97 D4
138,2,2,8,2,0.8772,-1.9902,-1.4762,0.8601,-0.2500,80.00,3.00,02 88 FB 7A E7 D1
139,2,2,8,2,0.8539,-2.0879,-1.7937,0.8343,-0.2500,80.00,3.00,02 88 BE 7A A7 C7
140,2,2,8,2,0.8307,-2.4786,-2.2698,0.8088,-0.2500,80.00,3.00,02 88 81 79 A7 B8
141,2,2,8,2,0.8062,-2.6007,-2.3968,0.7831,-0.2500,80.00,3.00,02 88 41 79 57 B4
142,2,2,8,2,0.7818,-1.8437,-2.4921,0.7573,-0.2500,80.00,3.00,02 88 01 7B 47 B1
143,2,2,8,2,0.7567,-2.5275,-2.3016,0.7318,-0.2500,80.00,3.00,02 87 BF 79 87 B7
144,2,2,8,2,0.7307,-2.1368,-2.2698,0.7061,-0.2500,80.00,3.00,02 87 7B 7A 87 B8
145,2,2,8,2,0.7036,-2.7473,-2.0159,0.6806,-0.2500,80.00,3.00,02 87 34 78 F7 C0
146,2,2,8,2,0.6762,-1.8681,-2.0159,0.6548,-0.2500,80.00,3.00,02 86 EC 7B 37 C0
147,2,2,8,2,0.6502,-1.6972,-2.2698,0.6293,-0.2500,80.00,3.00,02 86 A8 7B A7 B8
148,2,2,8,2,0.6243,-1.8193,-1.9524,0.6036,-0.2500,80.00,3.00,02 86 64 7B 57 C2
149,2,2,8,2,0.5987,-1.8437,-1.8889,0.5778,-0.2500,80.00,3.00,02 86 21 7B 47 C4
150,2,2,8,2,0.5743,-2.0635,-2.2698,0.5523,-0.2500,80.00,3.00,02 85 E1 7A B7 B8
151,2,2,8,2,0.5514,-1.7949,-2.9683,0.5266,-0.2500,80.00,3.00,02 85 A5 7B 67 A2
152,2,2,8,2,0.5282,-1.7216,-3.2857,0.5011,-0.2500,80.00,3.00,02 85 68 7B 97 98
153,2,2,8,2,0.5049,-2.2589,-3.2857,0.4753,-0.2500,80.00,3.00,02 85 2B 7A 37 98
154,2,2,8,2,0.4801,-2.1856,-3.2857,0.4498,-0.2500,80.00,3.00,02 84 EA 7A 67 98
155,2,2,8,2,0.4519,-2.0635,-2.9365,0.4241,-0.2500,80.00,3.00,02 84 A0 7A B7 A3
156,2,2,8,2,0.4206,-2.2589,-1.9206,0.3983,-0.2500,80.00,3.00,02 84 4E 7A 37 C3
157,2,2,8,2,0.3908,-1.8193,-1.6032,0.3728,-0.2500,80.00,3.00,02 84 00 7B 57 CD
158,2,2,8,2,0.3626,-2.5763,-1.0635,0.3471,-0.2500,80.00,3.00,02 83 B6 79 67 DE
159,2,2,8,2,0.3351,-2.3077,-0.8095,0.3216,-0.2500,80.00,3.00,02 83 6E 7A 17 E6
160,2,2,8,2,0.3080,-2.9182,-0.3333,0.2958,-0.2500,80.00,3.00,02 83 27 78 87 F5
161,2,2,8,2,0.2810,-2.4298,-0.2063,0.2701,-0.2500,80.00,3.00,02 82 E0 79 C7 F9
162,2,2,8,2,0.2554,-1.8193,-0.3333,0.2446,-0.2500,80.00,3.00,02 82 9D 7B 57 F5
163,2,2,8,2,0.2295,-1.8193,-0.6825,0.2188,-0.2500,80.00,3.00,02 82 59 7B 57 EA
164,2,2,8,2,0.2039,-1.4774,-0.7143,0.1933,-0.2500,80.00,3.00,02 82 16 7C 37 E9
165,2,2,8,2,0.1787,-1.7460,-0.6190,0.1676,-0.2500,80.00,3.00,02 81 D4 7B 87 EC
166,2,2,8,2,0.1535,-1.4530,-0.8730,0.1421,-0.2500,80.00,3.00,02 81 92 7C 47 E4
167,2,2,8,2,0.1272,-2.6496,-0.3968,0.1163,-0.2500,80.00,3.00,02 81 4D 79 37 F3
168,2,2,8,2,0.1017,-2.2100,-0.3968,0.0906,-0.2500,80.00,3.00,02 81 0A 7A 57 F3
169,2,2,8,2,0.0761,-2.7717,-0.1111,0.0651,-0.2500,80.00,3.00,02 80 C7 78 E7 FC
170,2,2,8,2,0.0502,-2.0635,-0.2698,0.0393,-0.2500,80.00,3.00,02 80 83 7A B7 F7
171,2,2,8,2,0.0174,-1.7705,-0.0794,0.0095,0.2500,80.00,3.00,02 80 2D 7B 77 FD
172,2,2,8,2,0.0246,2.1123,0.4603,0.0353,0.2500,80.00,3.00,02 80 40 85 68 0E
173,2,2,8,2,0.0490,1.7460,0.5556,0.0608,0.2500,80.00,3.00,02 80 80 84 78 11
174,2,2,8,2,0.0750,2.1612,0.3651,0.0865,0.2500,80.00,3.00,02 80 C4 85 88 0B
175,2,2,8,2,0.1005,1.8926,0.5556,0.1122,0.2500,80.00,3.00,02 81 07 84 D8 11
176,2,2,8,2,0.1261,2.7228,0.1746,0.1377,0.2500,80.00,3.00,02 81 4A 86 F8 05
177,2,2,8,2,0.1520,2.1856,0.4286,0.1635,0.2500,80.00,3.00,02 81 8E 85 98 0D
178,2,2,8,2,0.1776,2.2100,0.4286,0.1890,0.2500,80.00,3.00,02 81 D1 85 A8 0D
179,2,2,8,2,0.2028,1.1844,0.5873,0.2147,0.2500,80.00,3.00,02 82 13 83 08 12
180,2,2,8,2,0.2287,1.9414,0.4603,0.2405,0.2500,80.00,3.00,02 82 57 84 F8 0E
181,2,2,8,2,0.2539,1.8193,0.4286,0.2660,0.2500,80.00,3.00,02 82 99 84 A8 0D
182,2,2,8,2,0.2794,2.4542,0.3016,0.2917,0.2500,80.00,3.00,02 82 DC 86 48 09
183,2,2,8,2,0.3050,2.5519,0.1746,0.3173,0.2500,80.00,3.00,02 83 1F 86 88 05
184,2,2,8,2,0.3305,2.6984,0.1429,0.3430,0.2500,80.00,3.00,02 83 62 86 E8 04
185,2,2,8,2,0.3542,2.0879,1.0952,0.3685,0.2500,80.00,3.00,02 83 A0 85 58 22
186,2,2,8,2,0.3775,1.7705,1.3175,0.3943,0.2500,80.00,3.00,02 83 DD 84 88 29
187,2,2,8,2,0.4011,1.7705,1.6984,0.4200,0.2500,80.00,3.00,02 84 1B 84 88 35
188,2,2,8,2,0.4240,1.8193,2.0794,0.4455,0.2500,80.00,3.00,02 84 57 84 A8 41
189,2,2,8,2,0.4469,1.6484,2.8095,0.4713,0.2500,80.00,3.00,02 84 93 84 38 58
190,2,2,8,2,0.4702,1.5751,3.0000,0.4968,0.2500,80.00,3.00,02 84 D0 84 08 5E
191,2,2,8,2,0.4942,2.0147,2.8730,0.5225,0.2500,80.00,3.00,02 85 0F 85 28 5A
192,2,2,8,2,0.5198,2.0147,3.1270,0.5483,0.2500,80.00,3.00,02 85 52 85 28 62
193,2,2,8,2,0.5449,2.0391,2.9048,0.5738,0.2500,80.00,3.00,02 85 94 85 38 5B
194,2,2,8,2,0.5697,1.8193,3.4127,0.5995,0.2500,80.00,3.00,02 85 D5 84 A8 6B
195,2,2,8,2,0.5949,1.4042,3.2222,0.6250,0.2500,80.00,3.00,02 86 17 83 98 65
196,2,2,8,2,0.6209,1.6239,3.4444,0.6507,0.2500,80.00,3.00,02 86 5B 84 28 6C
197,2,2,8,2,0.6460,1.7705,3.2857,0.6765,0.2500,80.00,3.00,02 86 9D 84 88 67
198,2,2,8,2,0.6712,2.1368,3.5397,0.7020,0.2500,80.00,3.00,02 86 DF 85 78 6F
199,2,2,8,2,0.6956,2.2100,3.6032,0.7275,0.2500,80.00,3.00,02 87 1F 85 A8 71
200,2,2,8,2,0.7208,2.1856,3.4127,0.7517,0.2500,80.00,3.00,02 87 61 85 98 6B
201,2,2,8,2,0.7532,3.3578,1.6349,0.7772,0.2500,80.00,3.00,02 87 B6 88 98 33
202,2,2,8,2,0.7864,2.0635,1.0635,0.8027,0.2500,80.00,3.00,02 88 0D 85 48 21
203,2,2,8,2,0.8154,2.6007,0.2063,0.8285,0.2500,80.00,3.00,02 88 59 86 A8 06
204,2,2,8,2,0.8425,2.4542,0.3968,0.8542,0.2500,80.00,3.00,02 88 A0 86 48 0C
205,2,2,8,2,0.8680,1.8437,0.5873,0.8797,0.2500,80.00,3.00,02 88 E3 84 B8 12
206,2,2,8,2,0.8940,2.1612,0.1746,0.9055,0.2500,80.00,3.00,02 89 27 85 88 05
207,2,2,8,2,0.9192,2.0147,0.4286,0.9310,0.2500,80.00,3.00,02 89 69 85 28 0D
208,2,2,8,2,0.9447,2.3321,0.4286,0.9567,0.2500,80.00,3.00,02 89 AC 85 F8 0D
209,2,2,8,2,0.9703,2.3810,0.6190,0.9825,0.2500,80.00,3.00,02 89 EF 86 18 13
210,2,2,8,2,0.9962,1.7949,0.4921,1.0080,0.2500,80.00,3.00,02 8A 33 84 98 0F
211,2,2,8,2,1.0214,2.0147,0.5873,1.0337,0.2500,80.00,3.00,02 8A 75 85 28 12
212,2,2,8,2,1.0473,2.0391,0.3651,1.0592,0.2500,80.00,3.00,02 8A B9 85 38 0B
213,2,2,8,2,1.0729,2.3810,0.4286,1.0850,0.2500,80.00,3.00,02 8A FC 86 18 0D
214,2,2,8,2,1.0985,2.3321,0.3016,1.1107,0.2500,80.00,3.00,02 8B 3F 85 F8 09
215,2,2,8,2,1.1240,2.8449,-0.0159,1.1362,0.2500,80.00,3.00,02 8B 82 87 47 FF
216,2,2,8,2,1.1500,2.8449,0.3333,1.1620,0.2500,80.00,3.00,02 8B C6 87 48 0A
217,2,2,8,2,1.1763,2.5519,0.0794,1.1875,0.2500,80.00,3.00,02 8C 0B 86 88 02
218,2,2,8,2,1.2015,2.2344,0.3968,1.2132,0.2500,80.00,3.00,02 8C 4D 85 B8 0C
219,2,2,8,2,1.2274,2.2100,0.4921,1.2390,0.2500,80.00,3.00,02 8C 91 85 A8 0F
220,2,2,8,2,1.2526,1.9414,0.5873,1.2645,0.2500,80.00,3.00,02 8C D3 84 F8 12
221,2,2,8,2,1.2785,1.8437,0.5238,1.2902,0.2500,80.00,3.00,02 8D 17 84 B8 10
222,2,2,8,2,1.3037,2.4054,0.4921,1.3157,0.2500,80.00,3.00,02 8D 59 86 28 0F
223,2,2,8,2,1.3296,2.3077,0.4286,1.3414,0.2500,80.00,3.00,02 8D 9D 85 E8 0D
224,2,2,8,2,1.3552,2.1856,0.3651,1.3672,0.2500,80.00,3.00,02 8D E0 85 98 0B
225,2,2,8,2,1.3811,1.5995,0.6190,1.3927,0.2500,80.00,3.00,02 8E 24 84 18 13
226,2,2,8,2,1.4067,2.4542,0.5238,1.4184,0.2500,80.00,3.00,02 8E 67 86 48 10
227,2,2,8,2,1.4319,1.6728,0.6825,1.4439,0.2500,80.00,3.00,02 8E A9 84 48 15
228,2,2,8,2,1.4574,2.1368,0.4921,1.4697,0.2500,80.00,3.00,02 8E EC 85 78 0F
229,2,2,8,2,1.4834,2.4542,0.2381,1.4954,0.2500,80.00,3.00,02 8F 30 86 48 07
230,2,2,8,2,1.5089,2.5519,0.3651,1.5209,0.2500,80.00,3.00,02 8F 73 86 88 0B
231,2,2,8,2,1.5345,2.5275,0.3016,1.5467,0.2500,80.00,3.00,02 8F B6 86 78 09
232,2,2,8,2,1.5528,-0.8669,-0.2698,1.5493,-0.2500,80.00,3.00,02 8F E6 7D C7 F7
233,2,2,8,2,1.5341,-2.1123,-0.4921,1.5235,-0.2500,80.00,3.00,02 8F B5 7A 97 F0
234,2,2,8,2,1.5082,-2.0391,-0.4603,1.4978,-0.2500,80.00,3.00,02 8F 71 7A C7 F1
235,2,2,8,2,1.4830,-1.5995,-0.7460,1.4723,-0.2500,80.00,3.00,02 8F 2F 7B E7 E8
236,2,2,8,2,1.4570,-1.5995,-0.7778,1.4465,-0.2500,80.00,3.00,02 8E EB 7B E7 E7
237,2,2,8,2,1.4322,-1.8926,-1.0952,1.4210,-0.2500,80.00,3.00,02 8E AA 7B 27 DD
238,2,2,8,2,1.4063,-1.5507,-0.4921,1.3953,-0.2500,80.00,3.00,02 8E 66 7C 07 F0
239,2,2,8,2,1.3811,-2.2589,-0.4286,1.3695,-0.2500,80.00,3.00,02 8E 24 7A 37 F2
240,2,2,8,2,1.3556,-1.8926,-0.5238,1.3440,-0.2500,80.00,3.00,02 8D E1 7B 27 EF
241,2,2,8,2,1.3296,-2.1123,-0.3333,1.3183,-0.2500,80.00,3.00,02 8D 9D 7A 97 F5
242,2,2,8,2,1.3037,-2.5275,-0.5238,1.2928,-0.2500,80.00,3.00,02 8D 59 79 87 EF
243,2,2,8,2,1.2781,-2.8694,-0.3016,1.2670,-0.2500,80.00,3.00,02 8D 16 78 A7 F6
244,2,2,8,2,1.2522,-2.3565,-0.4603,1.2413,-0.2500,80.00,3.00,02 8C D2 79 F7 F1
245,2,2,8,2,1.2263,-2.2833,-0.3016,1.2158,-0.2500,80.00,3.00,02 8C 8E 7A 27 F6
246,2,2,8,2,1.2007,-2.3810,-0.3333,1.1900,-0.2500,80.00,3.00,02 8C 4B 79 E7 F5
247,2,2,8,2,1.1759,-2.5031,-0.4286,1.1645,-0.2500,80.00,3.00,02 8C 0A 79 97 F2
248,2,2,8,2,1.1522,-1.6239,-1.0317,1.1388,-0.2500,80.00,3.00,02 8B CC 7B D7 DF
249,2,2,8,2,1.1282,-1.5751,-1.2857,1.1130,-0.2500,80.00,3.00,02 8B 8D 7B F7 D7
250,2,2,8,2,1.1069,-2.1123,-1.6984,1.0875,-0.2500,80.00,3.00,02 8B 55 7A 97 CA
251,2,2,8,2,1.0836,-2.0147,-2.0159,1.0618,-0.2500,80.00,3.00,02 8B 18 7A D7 C0
252,2,2,8,2,1.0603,-1.5751,-2.9048,1.0360,-0.2500,80.00,3.00,02 8A DB 7B F7 A4
253,2,2,8,2,1.0363,-1.4774,-3.2540,1.0105,-0.2500,80.00,3.00,02 8A 9C 7C 37 99
254,2,2,8,2,1.0111,-1.3065,-3.1587,0.9848,-0.2500,80.00,3.00,02 8A 5A 7C A7 9C
255,2,2,8,2,0.9863,-1.4042,-3.2222,0.9593,-0.2500,80.00,3.00,02 8A 19 7C 67 9A
256,2,2,8,2,0.9623,-1.4530,-3.6032,0.9335,-0.2500,80.00,3.00,02 89 DA 7C 47 8E
257,2,2,8,2,0.9382,-2.4054,-3.6032,0.9078,-0.2500,80.00,3.00,02 89 9B 79 D7 8E
258,2,2,8,2,0.9146,-2.6740,-3.5397,0.8823,-0.2500,80.00,3.00,02 89 5D 79 27 90
259,2,2,8,2,0.8917,-2.5519,-3.7937,0.8583,-0.2500,80.00,3.00,02 89 21 79 77 88
260,2,2,8,2,0.8688,-1.9414,-4.0159,0.8356,-0.2500,80.00,3.00,02 88 E5 7B 07 81
261,2,2,8,2,0.8467,-2.0391,-3.9841,0.8126,-0.2500,80.00,3.00,02 88 AB 7A C7 82
262,2,2,8,2,0.8242,-1.1600,-4.2381,0.7903,-0.2500,80.00,3.00,02 88 70 7D 07 7A
263,2,2,8,2,0.8009,-2.1368,-4.0476,0.7681,-0.2500,80.00,3.00,02 88 33 7A 87 80
264,2,2,8,2,0.7795,-2.8205,-3.8571,0.7451,-0.2500,80.00,3.00,02 87 FB 78 C7 86
265,2,2,8,2,0.7605,-2.0391,-4.3651,0.7256,-0.2500,80.00,3.00,02 87 C9 7A C7 76
266,2,2,8,2,0.7414,-1.9170,-4.0159,0.7066,-0.2500,80.00,3.00,02 87 97 7B 17 81
267,2,2,8,2,0.7242,-1.3797,-4.5873,0.6893,-0.2500,80.00,3.00,02 87 6A 7C 77 6F
268,2,2,8,2,0.7021,-2.2589,-4.3016,0.6686,-0.2500,80.00,3.00,02 87 30 7A 37 78
269,2,2,8,2,0.6785,-2.6740,-3.6032,0.6458,-0.2500,80.00,3.00,02 86 F2 79 27 8E
270,2,2,8,2,0.6537,-2.4542,-3.4762,0.6221,-0.2500,80.00,3.00,02 86 B1 79 B7 92
271,2,2,8,2,0.6270,-2.1368,-3.2222,0.5976,-0.2500,80.00,3.00,02 86 6B 7A 87 9A
272,2,2,8,2,0.5961,-3.0159,-2.0159,0.5718,-0.2500,80.00,3.00,02 86 1A 78 47 C0
273,2,2,8,2,0.5632,-2.1856,-1.2857,0.5463,-0.2500,80.00,3.00,02 85 C4 7A 67 D7
274,2,2,8,2,0.5320,-2.7228,-0.0794,0.5206,-0.2500,80.00,3.00,02 85 72 79 07 FD
275,2,2,8,2,0.5053,-2.7717,-0.2063,0.4948,-0.2500,80.00,3.00,02 85 2C 78 E7 F9
276,2,2,8,2,0.4797,-2.0391,-0.2381,0.4693,-0.2500,80.00,3.00,02 84 E9 7A C7 F8
277,2,2,8,2,0.4541,-2.3321,-0.5873,0.4436,-0.2500,80.00,3.00,02 84 A6 7A 07 ED
278,2,2,8,2,0.4286,-1.5018,-0.8730,0.4181,-0.2500,80.00,3.00,02 84 63 7C 27 E4
279,2,2,8,2,0.4034,-1.7705,-0.6825,0.3923,-0.2500,80.00,3.00,02 84 21 7B 77 EA
280,2,2,8,2,0.3779,-1.1844,-1.0317,0.3666,-0.2500,80.00,3.00,02 83 DE 7C F7 DF
281,2,2,8,2,0.3523,-1.5751,-0.5873,0.3411,-0.2500,80.00,3.00,02 83 9B 7B F7 ED
282,2,2,8,2,0.3271,-1.4530,-0.8730,0.3153,-0.2500,80.00,3.00,02 83 59 7C 47 E4
283,2,2,8,2,0.3016,-2.0879,-0.4921,0.2898,-0.2500,80.00,3.00,02 83 16 7A A7 F0
284,2,2,8,2,0.2752,-1.9170,-0.3651,0.2641,-0.2500,80.00,3.00,02 82 D1 7B 17 F4
285,2,2,8,2,0.2497,-2.7717,-0.2381,0.2383,-0.2500,80.00,3.00,02 82 8E 78 E7 F8
286,2,2,8,2,0.2241,-2.0879,-0.4921,0.2128,-0.2500,80.00,3.00,02 82 4B 7A A7 F0
287,2,2,8,2,0.1982,-2.3077,-0.0476,0.1871,-0.2500,80.00,3.00,02 82 07 7A 17 FE
288,2,2,8,2,0.1722,-2.6007,-0.2381,0.1613,-0.2500,80.00,3.00,02 81 C3 79 57 F8
289,2,2,8,2,0.1467,-2.4786,-0.1429,0.1358,-0.2500,80.00,3.00,02 81 80 79 A7 FB
290,2,2,8,2,0.1204,-2.6496,-0.1429,0.1101,-0.2500,80.00,3.00,02 81 3B 79 37 FB
291,2,2,8,2,0.0948,-1.9170,-0.3333,0.0846,-0.2500,80.00,3.00,02 80 F8 7B 17 F5
292,2,2,8,2,0.0692,-2.3077,-0.3968,0.0588,-0.2500,80.00,3.00,02 80 B5 7A 17 F3
293,2,2,8,2,0.0437,-1.6239,-1.0000,0.0331,-0.2500,80.00,3.00,02 80 72 7B D7 E0
294,2,2,8,2,0.0151,0.0611,-0.0794,0.0157,0.2500,80.00,3.00,02 80 27 80 27 FD
295,2,2,8,2,0.0292,1.4286,0.8095,0.0415,0.2500,80.00,3.00,02 80 4C 83 A8 19
296,2,2,8,2,0.0551,2.0879,0.4921,0.0673,0.2500,80.00,3.00,02 80 90 85 58 0F
297,2,2,8,2,0.0803,2.1123,0.2063,0.0927,0.2500,80.00,3.00,02 80 D2 85 68 06
298,2,2,8,2,0.1066,2.4542,0.2063,0.1185,0.2500,80.00,3.00,02 81 17 86 48 06
299,2,2,8,2,0.1322,2.5763,-0.0476,0.1440,0.2500,80.00,3.00,02 81 5A 86 97 FE
300,2,2,8,2,0.1581,2.4542,0.0794,0.1697,0.2500,80.00,3.00,02 81 9E 86 48 02
301,2,2,8,2,0.1841,2.8694,0.2063,0.1955,0.2500,80.00,3.00,02 81 E2 87 58 06
302,2,2,8,2,0.2096,2.2589,0.5556,0.2210,0.2500,80.00,3.00,02 82 25 85 C8 11
303,2,2,8,2,0.2352,2.2833,0.1429,0.2467,0.2500,80.00,3.00,02 82 68 85 D8 04
304,2,2,8,2,0.2607,1.7216,0.5556,0.2725,0.2500,80.00,3.00,02 82 AB 84 68 11
305,2,2,8,2,0.2859,2.0391,0.5238,0.2980,0.2500,80.00,3.00,02 82 ED 85 38 10
306,2,2,8,2,0.3119,1.9414,0.2698,0.3238,0.2500,80.00,3.00,02 83 31 84 F8 08
307,2,2,8,2,0.3374,1.8437,0.4921,0.3493,0.2500,80.00,3.00,02 83 74 84 B8 0F
308,2,2,8,2,0.3630,2.0391,0.5238,0.3750,0.2500,80.00,3.00,02 83 B7 85 38 10
309,2,2,8,2,0.3889,1.9414,0.6825,0.4008,0.2500,80.00,3.00,02 83 FB 84 F8 15
310,2,2,8,2,0.4137,1.6239,0.6508,0.4263,0.2500,80.00,3.00,02 84 3C 84 28 14
311,2,2,8,2,0.4397,2.0147,0.4603,0.4520,0.2500,80.00,3.00,02 84 80 85 28 0E
312,2,2,8,2,0.4652,2.3321,0.1429,0.4775,0.2500,80.00,3.00,02 84 C3 85 F8 04
313,2,2,8,2,0.4911,2.1123,0.1111,0.5033,0.2500,80.00,3.00,02 85 07 85 68 03
314,2,2,8,2,0.5171,2.9670,-0.1111,0.5290,0.2500,80.00,3.00,02 85 4B 87 97 FC
315,2,2,8,2,0.5426,3.1868,0.1746,0.5545,0.2500,80.00,3.00,02 85 8E 88 28 05
316,2,2,8,2,0.5686,2.5763,0.1429,0.5803,0.2500,80.00,3.00,02 85 D2 86 98 04
317,2,2,8,2,0.5938,2.0147,0.4603,0.6060,0.2500,80.00,3.00,02 86 14 85 28 0E
318,2,2,8,2,0.6182,2.4054,0.3968,0.6315,0.2500,80.00,3.00,02 86 54 86 28 0C
319,2,2,8,2,0.6418,2.6740,0.6825,0.6572,0.2500,80.00,3.00,02 86 92 86 D8 15
320,2,2,8,2,0.6624,1.6484,1.9841,0.6827,0.2500,80.00,3.00,02 86 C8 84 38 3E
321,2,2,8,2,0.6861,1.6728,2.3968,0.7085,0.2500,80.00,3.00,02 87 06 84 48 4B
322,2,2,8,2,0.7094,1.6484,2.7778,0.7342,0.2500,80.00,3.00,02 87 43 84 38 57
323,2,2,8,2,0.7319,2.2589,3.1587,0.7597,0.2500,80.00,3.00,02 87 7E 85 C8 63
324,2,2,8,2,0.7563,1.8681,3.4127,0.7855,0.2500,80.00,3.00,02 87 BE 84 C8 6B
325,2,2,8,2,0.7807,1.9902,3.4762,0.8112,0.2500,80.00,3.00,02 87 FE 85 18 6D
326,2,2,8,2,0.8062,1.7705,3.3492,0.8367,0.2500,80.00,3.00,02 88 41 84 88 69
327,2,2,8,2,0.8307,1.8193,3.6667,0.8625,0.2500,80.00,3.00,02 88 81 84 A8 73
328,2,2,8,2,0.8562,2.2100,3.0635,0.8867,0.2500,80.00,3.00,02 88 C4 85 A8 60
329,2,2,8,2,0.8883,2.7228,1.5397,0.9125,0.2500,80.00,3.00,02 89 18 86 F8 30
330,2,2,8,2,0.9218,2.2589,1.0000,0.9382,0.2500,80.00,3.00,02 89 70 85 C8 1F
331,2,2,8,2,0.9493,2.4542,0.7143,0.9637,0.2500,80.00,3.00,02 89 B8 86 48 16
332,2,2,8,2,0.9775,2.4786,0.1746,0.9895,0.2500,80.00,3.00,02 8A 02 86 58 05
333,2,2,8,2,1.0035,2.0391,0.2063,1.0152,0.2500,80.00,3.00,02 8A 46 85 38 06
334,2,2,8,2,1.0290,2.2100,0.5238,1.0407,0.2500,80.00,3.00,02 8A 89 85 A8 10
335,2,2,8,2,1.0546,2.0147,0.4603,1.0665,0.2500,80.00,3.00,02 8A CC 85 28 0E
336,2,2,8,2,1.0801,1.9414,0.5556,1.0922,0.2500,80.00,3.00,02 8B 0F 84 F8 11
337,2,2,8,2,1.1057,1.5751,0.7143,1.1177,0.2500,80.00,3.00,02 8B 52 84 08 16
338,2,2,8,2,1.1313,2.2589,0.5556,1.1435,0.2500,80.00,3.00,02 8B 95 85 C8 11
339,2,2,8,2,1.1572,1.6484,0.7143,1.1690,0.2500,80.00,3.00,02 8B D9 84 38 16
340,2,2,8,2,1.1824,2.1368,0.5873,1.1947,0.2500,80.00,3.00,02 8C 1B 85 78 12
341,2,2,8,2,1.2079,1.6239,0.9365,1.2205,0.2500,80.00,3.00,02 8C 5E 84 28 1D
342,2,2,8,2,1.2335,2.4786,0.4603,1.2460,0.2500,80.00,3.00,02 8C A1 86 58 0E
343,2,2,8,2,1.2594,1.7705,0.3016,1.2717,0.2500,80.00,3.00,02 8C E5 84 88 09
344,2,2,8,2,1.2858,2.7228,-0.0159,1.2975,0.2500,80.00,3.00,02 8D 2A 86 F7 FF
345,2,2,8,2,1.3113,3.1380,0.0794,1.3229,0.2500,80.00,3.00,02 8D 6D 88 08 02
346,2,2,8,2,1.3373,2.5763,0.1746,1.3487,0.2500,80.00,3.00,02 8D B1 86 98 05
347,2,2,8,2,1.3624,2.4542,0.1746,1.3742,0.2500,80.00,3.00,02 8D F3 86 48 05
348,2,2,8,2,1.3884,1.8193,0.7143,1.3999,0.2500,80.00,3.00,02 8E 37 84 A8 16
349,2,2,8,2,1.4143,2.2344,0.3651,1.4257,0.2500,80.00,3.00,02 8E 7B 85 B8 0B
350,2,2,8,2,1.4395,1.6484,0.5238,1.4512,0.2500,80.00,3.00,02 8E BD 84 38 10
351,2,2,8,2,1.4651,2.4542,0.3333,1.4769,0.2500,80.00,3.00,02 8F 00 86 48 0A
352,2,2,8,2,1.4910,1.9414,0.6190,1.5027,0.2500,80.00,3.00,02 8F 44 84 F8 13
353,2,2,8,2,1.5158,2.1368,0.5238,1.5282,0.2500,80.00,3.00,02 8F 85 85 78 10
354,2,2,8,2,1.5486,3.7241,-0.3968,1.5635,-0.2500,80.00,3.00,02 8F DB 89 87 F3
355,2,2,8,2,1.5463,-1.7216,-0.3333,1.5380,-0.2500,80.00,3.00,02 8F D5 7B 97 F5
356,2,2,8,2,1.5227,-2.8449,-0.1429,1.5123,-0.2500,80.00,3.00,02 8F 97 78 B7 FB
357,2,2,8,2,1.4971,-2.1123,-0.4286,1.4865,-0.2500,80.00,3.00,02 8F 54 7A 97 F2
358,2,2,8,2,1.4715,-2.0147,-0.5556,1.4610,-0.2500,80.00,3.00,02 8F 11 7A D7 EE
359,2,2,8,2,1.4460,-2.1612,-0.5238,1.4353,-0.2500,80.00,3.00,02 8E CE 7A 77 EF
360,2,2,8,2,1.4204,-1.4042,-0.8413,1.4095,-0.2500,80.00,3.00,02 8E 8B 7C 67 E5
361,2,2,8,2,1.3952,-1.6728,-1.0952,1.3840,-0.2500,80.00,3.00,02 8E 49 7B B7 DD
362,2,2,8,2,1.3697,-1.1111,-1.0000,1.3583,-0.2500,80.00,3.00,02 8E 06 7D 27 E0
363,2,2,8,2,1.3445,-1.8681,-0.7460,1.3328,-0.2500,80.00,3.00,02 8D C4 7B 37 E8
364,2,2,8,2,1.3190,-1.6239,-0.5238,1.3070,-0.2500,80.00,3.00,02 8D 81 7B D7 EF
365,2,2,8,2,1.2930,-2.7228,-0.3333,1.2813,-0.2500,80.00,3.00,02 8D 3D 79 07 F5
366,2,2,8,2,1.2671,-2.7717,-0.1746,1.2558,-0.2500,80.00,3.00,02 8C F9 78 E7 FA
367,2,2,8,2,1.2411,-2.9426,-0.0794,1.2300,-0.2500,80.00,3.00,02 8C B5 78 77 FD
368,2,2,8,2,1.2152,-2.2589,-0.2381,1.2043,-0.2500,80.00,3.00,02 8C 71 7A 37 F8
369,2,2,8,2,1.1900,-2.3565,-0.3651,1.1788,-0.2500,80.00,3.00,02 8C 2F 79 F7 F4
370,2,2,8,2,1.1656,-2.1368,-0.6825,1.1530,-0.2500,80.00,3.00,02 8B EF 7A 87 EA
371,2,2,8,2,1.1423,-2.2344,-0.6508,1.1273,-0.2500,80.00,3.00,02 8B B2 7A 47 EB
372,2,2,8,2,1.1202,-1.9170,-1.6349,1.1018,-0.2500,80.00,3.00,02 8B 78 7B 17 CC
373,2,2,8,2,1.0966,-1.9902,-2.1429,1.0760,-0.2500,80.00,3.00,02 8B 3A 7A E7 BC
374,2,2,8,2,1.0737,-0.8913,-3.0000,1.0505,-0.2500,80.00,3.00,02 8A FE 7D B7 A1
375,2,2,8,2,1.0515,-2.2833,-2.7778,1.0248,-0.2500,80.00,3.00,02 8A C4 7A 27 A8
376,2,2,8,2,1.0252,-2.7961,-2.6825,0.9990,-0.2500,80.00,3.00,02 8A 7F 78 D7 AB
377,2,2,8,2,1.0008,-2.1123,-2.7460,0.9735,-0.2500,80.00,3.00,02 8A 3F 7A 97 A9
378,2,2,8,2,0.9768,-2.4542,-3.0317,0.9478,-0.2500,80.00,3.00,02 8A 00 79 B7 A0
379,2,2,8,2,0.9512,-2.2833,-3.1587,0.9220,-0.2500,80.00,3.00,02 89 BD 7A 27 9C
380,2,2,8,2,0.9264,-2.3321,-3.6667,0.8965,-0.2500,80.00,3.00,02 89 7C 7A 07 8C
381,2,2,8,2,0.9016,-2.8449,-3.3492,0.8708,-0.2500,80.00,3.00,02 89 3B 78 B7 96
382,2,2,8,2,0.8772,-2.0147,-3.6349,0.8453,-0.2500,80.00,3.00,02 88 FB 7A D7 8D
383,2,2,8,2,0.8558,-2.6496,-3.8571,0.8218,-0.2500,80.00,3.00,02 88 C3 79 37 86
384,2,2,8,2,0.8352,-1.9170,-4.2381,0.8006,-0.2500,80.00,3.00,02 88 8D 7B 17 7A
385,2,2,8,2,0.8143,-2.1856,-4.1429,0.7801,-0.2500,80.00,3.00,02 88 56 7A 67 7D
386,2,2,8,2,0.7937,-2.4298,-4.1429,0.7591,-0.2500,80.00,3.00,02 88 20 79 C7 7D
387,2,2,8,2,0.7742,-1.0379,-4.6508,0.7396,-0.2500,80.00,3.00,02 87 ED 7D 57 6D
388,2,2,8,2,0.7517,-1.7949,-4.1429,0.7186,-0.2500,80.00,3.00,02 87 B2 7B 67 7D
389,2,2,8,2,0.7280,-2.6496,-3.5714,0.6953,-0.2500,80.00,3.00,02 87 74 79 37 8F
390,2,2,8,2,0.7052,-2.7961,-3.6032,0.6716,-0.2500,80.00,3.00,02 87 38 78 D7 8E
391,2,2,8,2,0.6849,-2.3077,-3.9206,0.6503,-0.2500,80.00,3.00,02 87 03 7A 17 84
392,2,2,8,2,0.6628,-1.5751,-4.1111,0.6291,-0.2500,80.00,3.00,02 86 C9 7B F7 7E
393,2,2,8,2,0.6380,-1.1844,-4.2698,0.6063,-0.2500,80.00,3.00,02 86 88 7C F7 79
394,2,2,8,2,0.6121,-2.0391,-3.4444,0.5818,-0.2500,80.00,3.00,02 86 44 7A C7 93
395,2,2,8,2,0.5831,-3.1868,-2.4286,0.5561,-0.2500,80.00,3.00,02 85 F8 77 D7 B3
396,2,2,8,2,0.5499,-2.1856,-1.7619,0.5303,-0.2500,80.00,3.00,02 85 A1 7A 67 C8
397,2,2,8,2,0.5198,-2.7961,-0.6825,0.5048,-0.2500,80.00,3.00,02 85 52 78 D7 EA
398,2,2,8,2,0.4908,-1.9658,-0.6190,0.4791,-0.2500,80.00,3.00,02 85 06 7A F7 EC
399,2,2,8,2,0.4648,-1.4042,-1.0000,0.4536,-0.2500,80.00,3.00,02 84 C2 7C 67 E0
400,2,2,8,2,0.4393,-1.6972,-0.7460,0.4278,-0.2500,80.00,3.00,02 84 7F 7B A7 E8
401,2,2,8,2,0.4133,-1.8926,-0.5556,0.4021,-0.2500,80.00,3.00,02 84 3B 7B 27 EE
402,2,2,8,2,0.3882,-2.3565,-0.4921,0.3766,-0.2500,80.00,3.00,02 83 F9 79 F7 F0
403,2,2,8,2,0.3626,-2.3565,-0.3968,0.3508,-0.2500,80.00,3.00,02 83 B6 79 F7 F3
404,2,2,8,2,0.3370,-2.8938,-0.1746,0.3251,-0.2500,80.00,3.00,02 83 73 78 97 FA
405,2,2,8,2,0.3107,-2.2100,-0.3333,0.2996,-0.2500,80.00,3.00,02 83 2E 7A 57 F5
406,2,2,8,2,0.2852,-2.7228,-0.0794,0.2738,-0.2500,80.00,3.00,02 82 EB 79 07 FD
407,2,2,8,2,0.2588,-2.7961,-0.1746,0.2481,-0.2500,80.00,3.00,02 82 A6 78 D7 FA
408,2,2,8,2,0.2333,-2.7961,-0.0794,0.2226,-0.2500,80.00,3.00,02 82 63 78 D7 FD
409,2,2,8,2,0.2073,-2.6740,-0.0794,0.1968,-0.2500,80.00,3.00,02 82 1F 79 27 FD
410,2,2,8,2,0.1814,-2.2100,-0.3016,0.1711,-0.2500,80.00,3.00,02 81 DB 7A 57 F6
411,2,2,8,2,0.1558,-1.8926,-0.4286,0.1456,-0.2500,80.00,3.00,02 81 98 7B 27 F2
412,2,2,8,2,0.1307,-1.3797,-0.9365,0.1198,-0.2500,80.00,3.00,02 81 56 7C 77 E2
413,2,2,8,2,0.1051,-1.4774,-0.8413,0.0943,-0.2500,80.00,3.00,02 81 13 7C 37 E5
414,2,2,8,2,0.0799,-1.4042,-1.3492,0.0686,-0.2500,80.00,3.00,02 80 D1 7C 67 D5
415,2,2,8,2,0.0544,-1.7216,-0.8095,0.0428,-0.2500,80.00,3.00,02 80 8E 7B 97 E6
416,2,2,8,2,0.0216,-3.7241,0.2698,0.0063,0.2500,80.00,3.00,02 80 38 76 78 08
417,2,2,8,2,0.0219,1.9902,0.2063,0.0320,0.2500,80.00,3.00,02 80 39 85 18 06
418,2,2,8,2,0.0460,3.0159,-0.0476,0.0578,0.2500,80.00,3.00,02 80 78 87 B7 FE
419,2,2,8,2,0.0715,2.9426,0.0476,0.0832,0.2500,80.00,3.00,02 80 BB 87 88 01
420,2,2,8,2,0.0975,2.6740,0.2381,0.1090,0.2500,80.00,3.00,02 80 FF 86 D8 07
421,2,2,8,2,0.1226,1.8193,0.6190,0.1347,0.2500,80.00,3.00,02 81 41 84 A8 13
422,2,2,8,2,0.1486,2.0879,0.2698,0.1602,0.2500,80.00,3.00,02 81 85 85 58 08
423,2,2,8,2,0.1741,1.7460,0.4603,0.1860,0.2500,80.00,3.00,02 81 C8 84 78 0E
424,2,2,8,2,0.2001,2.4298,0.3333,0.2117,0.2500,80.00,3.00,02 82 0C 86 38 0A
425,2,2,8,2,0.2253,1.9902,0.4603,0.2372,0.2500,80.00,3.00,02 82 4E 85 18 0E
426,2,2,8,2,0.2512,1.7216,0.6190,0.2630,0.2500,80.00,3.00,02 82 92 84 68 13
427,2,2,8,2,0.2764,1.5263,0.6825,0.2887,0.2500,80.00,3.00,02 82 D4 83 E8 15
428,2,2,8,2,0.3019,1.5507,0.7778,0.3143,0.2500,80.00,3.00,02 83 17 83 F8 18
429,2,2,8,2,0.3275,2.3077,0.5238,0.3400,0.2500,80.00,3.00,02 83 5A 85 E8 10
430,2,2,8,2,0.3531,1.8926,0.7460,0.3658,0.2500,80.00,3.00,02 83 9D 84 D8 17
431,2,2,8,2,0.3786,2.3810,0.2063,0.3913,0.2500,80.00,3.00,02 83 E0 86 18 06
432,2,2,8,2,0.4049,2.5031,-0.0159,0.4170,0.2500,80.00,3.00,02 84 25 86 67 FF
433,2,2,8,2,0.4309,2.8694,0.0159,0.4428,0.2500,80.00,3.00,02 84 69 87 58 00
434,2,2,8,2,0.4564,2.5275,0.2063,0.4683,0.2500,80.00,3.00,02 84 AC 86 78 06
435,2,2,8,2,0.4824,1.7705,0.3016,0.4940,0.2500,80.00,3.00,02 84 F0 84 88 09
436,2,2,8,2,0.5076,2.3321,0.3651,0.5195,0.2500,80.00,3.00,02 85 32 85 F8 0B
437,2,2,8,2,0.5335,1.6484,0.4921,0.5453,0.2500,80.00,3.00,02 85 76 84 38 0F
438,2,2,8,2,0.5591,2.1123,0.6508,0.5710,0.2500,80.00,3.00,02 85 B9 85 68 14
439,2,2,8,2,0.5846,1.5018,0.5238,0.5965,0.2500,80.00,3.00,02 85 FC 83 D8 10
440,2,2,8,2,0.6102,2.2100,0.5556,0.6223,0.2500,80.00,3.00,02 86 3F 85 A8 11
441,2,2,8,2,0.6353,1.6239,0.8413,0.6480,0.2500,80.00,3.00,02 86 81 84 28 1A
442,2,2,8,2,0.6609,1.9658,0.7143,0.6735,0.2500,80.00,3.00,02 86 C4 85 08 16
443,2,2,8,2,0.6865,1.8681,0.7460,0.6992,0.2500,80.00,3.00,02 87 07 84 C8 17
444,2,2,8,2,0.7124,2.0879,0.5238,0.7250,0.2500,80.00,3.00,02 87 4B 85 58 10
445,2,2,8,2,0.7376,2.2344,0.6508,0.7505,0.2500,80.00,3.00,02 87 8D 85 B8 14
446,2,2,8,2,0.7639,2.8694,0.2381,0.7762,0.2500,80.00,3.00,02 87 D2 87 58 07
447,2,2,8,2,0.7898,3.2601,-0.1111,0.8020,0.2500,80.00,3.00,02 88 16 88 57 FC
448,2,2,8,2,0.8154,3.0403,0.0476,0.8275,0.2500,80.00,3.00,02 88 59 87 C8 01
449,2,2,8,2,0.8417,2.3321,0.1429,0.8532,0.2500,80.00,3.00,02 88 9E 85 F8 04
